{
    "RMSE": 22.782859072127675,
    "MAE": 12.418310789617875,
    "MAPE": 24723927375958.11,
    "step": 0
}
