{
    "RMSE": 34.22313077504619,
    "MAE": 5.7036660882756065,
    "MAPE": 25874344963278.59,
    "step": 0
}
