step	MAE
0	5.7036660882756065
0	5.7036660882756065
0	5.7036660882756065
