step	MAE
0	12.418310789617875
0	12.418310789617875
