step	RMSE
0	34.22313077504619
0	34.22313077504619
0	34.22313077504619
