step	RMSE
0	22.782859072127675
0	22.782859072127675
