{"learner":{"attributes":{},"feature_names":["trip_distance","PULocationID","DOLocationID","pickup_hour","pickup_minute","pickup_dayofweek","pickup_dayofmonth","is_from_airport"],"feature_types":["float","float","float","float","float","float","float","float"],"gradient_booster":{"model":{"gbtree_model_param":{"num_parallel_tree":"1","num_trees":"10"},"iteration_indptr":[0,1,2,3,4,5,6,7,8,9,10],"tree_info":[0,0,0,0,0,0,0,0,0,0],"trees":[{"base_weights":[1.2574231E-2,-4.443465E0,1.8765162E1,-7.571773E0,1.2484415E0,1.1981367E1,3.194756E1,-1.6032315E0,-8.997708E-1,-1.8005733E-1,7.610518E-1,1.5370623E0,2.7097495E0,4.335833E0,6.0468135E0],"categories":[],"categories_nodes":[],"categories_segments":[],"categories_sizes":[],"default_left":[0,0,0,0,0,0,0,0,0,0,0,0,0,0,0],"id":0,"left_children":[1,3,5,7,9,11,13,-1,-1,-1,-1,-1,-1,-1,-1],"loss_changes":[5.0059644E7,8.618994E6,1.0285948E7,1.391914E6,1.3280501E6,8.96403E5,1.00718E6,0E0,0E0,0E0,0E0,0E0,0E0,0E0,0E0],"parents":[2147483647,0,0,1,1,2,2,3,3,4,4,5,5,6,6],"right_children":[2,4,6,8,10,12,14,-1,-1,-1,-1,-1,-1,-1,-1],"split_conditions":[4.8E0,1.92E0,1.26E1,1.11E0,2.93E0,8.71E0,1.4E1,-1.6032315E0,-8.997708E-1,-1.8005733E-1,7.610518E-1,1.5370623E0,2.7097495E0,4.335833E0,6.0468135E0],"split_indices":[0,0,0,0,0,0,3,0,0,0,0,0,0,0,0],"split_type":[0,0,0,0,0,0,0,0,0,0,0,0,0,0,0],"sum_hessian":[5.9907E5,4.84049E5,1.15021E5,3.12369E5,1.7168E5,7.5941E4,3.908E4,1.60475E5,1.51894E5,1.009E5,7.078E4,4.6245E4,2.9696E4,1.6573E4,2.2507E4],"tree_param":{"num_deleted":"0","num_feature":"8","num_nodes":"15","size_leaf_vector":"1"}},{"base_weights":[-1.3709788E-2,-3.5440795E0,1.6505476E1,-5.9709063E0,2.0660653E0,1.0997751E1,2.7926964E1,-1.3861438E0,-7.228234E-1,4.565374E-2,7.9667693E-1,1.5182487E0,2.731763E0,3.5099528E0,5.110967E0],"categories":[],"categories_nodes":[],"categories_segments":[],"categories_sizes":[],"default_left":[0,0,0,0,0,0,0,0,0,0,0,0,0,0,0],"id":1,"left_children":[1,3,5,7,9,11,13,-1,-1,-1,-1,-1,-1,-1,-1],"loss_changes":[3.4923304E7,6.7174315E6,6.633106E6,1.320926E6,7.2537194E5,7.23588E5,6.4853E5,0E0,0E0,0E0,0E0,0E0,0E0,0E0,0E0],"parents":[2147483647,0,0,1,1,2,2,3,3,4,4,5,5,6,6],"right_children":[2,4,6,8,10,12,14,-1,-1,-1,-1,-1,-1,-1,-1],"split_conditions":[5.3E0,2.18E0,1.44E1,1.03E0,3.3E0,1.04E1,9E0,-1.3861438E0,-7.228234E-1,4.565374E-2,7.9667693E-1,1.5182487E0,2.731763E0,3.5099528E0,5.110967E0],"split_indices":[0,0,0,0,0,0,3,0,0,0,0,0,0,0,0],"split_type":[0,0,0,0,0,0,0,0,0,0,0,0,0,0,0],"sum_hessian":[5.98834E5,4.9339E5,1.05444E5,3.44407E5,1.48983E5,7.1139E4,3.4305E4,1.4107E5,2.03337E5,8.9774E4,5.9209E4,5.2758E4,1.8381E4,9.844E3,2.4461E4],"tree_param":{"num_deleted":"0","num_feature":"8","num_nodes":"15","size_leaf_vector":"1"}},{"base_weights":[1.1833482E-2,-3.29488E0,1.2125329E1,-5.778014E0,2.9444436E-2,8.209177E0,2.387354E1,-1.1930798E0,-7.7759075E-1,-2.560615E-1,3.9710507E-1,1.0667031E0,2.1203153E0,3.1902916E0,4.545498E0],"categories":[],"categories_nodes":[],"categories_segments":[],"categories_sizes":[],"default_left":[0,0,0,0,0,0,0,0,0,0,0,0,0,0,0],"id":2,"left_children":[1,3,5,7,9,11,13,-1,-1,-1,-1,-1,-1,-1,-1],"loss_changes":[2.3977076E7,3.8816205E6,5.905652E6,4.13626E5,7.417679E5,7.85529E5,5.17492E5,0E0,0E0,0E0,0E0,0E0,0E0,0E0,0E0],"parents":[2147483647,0,0,1,1,2,2,3,3,4,4,5,5,6,6],"right_children":[2,4,6,8,10,12,14,-1,-1,-1,-1,-1,-1,-1,-1],"split_conditions":[4.22E0,1.66E0,1.54E1,9.4E-1,2.62E0,9.64E0,1.4E1,-1.1930798E0,-7.7759075E-1,-2.560615E-1,3.9710507E-1,1.0667031E0,2.1203153E0,3.1902916E0,4.545498E0],"split_indices":[0,0,0,0,0,0,3,0,0,0,0,0,0,0,0],"split_type":[0,0,0,0,0,0,0,0,0,0,0,0,0,0,0],"sum_hessian":[5.98591E5,4.70229E5,1.28362E5,2.6917E5,2.01059E5,9.6271E4,3.2091E4,1.19722E5,1.49448E5,1.20728E5,8.0331E4,6.8802E4,2.7469E4,1.3476E4,1.8615E4],"tree_param":{"num_deleted":"0","num_feature":"8","num_nodes":"15","size_leaf_vector":"1"}},{"base_weights":[-4.517457E-4,-2.322878E0,1.2515235E1,-4.6928563E0,8.9636993E-1,8.909468E0,2.0280384E1,-1.0116127E0,-6.2033063E-1,-1.0293163E-1,5.3115624E-1,7.704602E-1,1.7594635E0,2.4635289E0,3.750828E0],"categories":[],"categories_nodes":[],"categories_segments":[],"categories_sizes":[],"default_left":[0,0,0,0,0,0,0,0,0,0,0,0,0,0,0],"id":3,"left_children":[1,3,5,7,9,11,13,-1,-1,-1,-1,-1,-1,-1,-1],"loss_changes":[1.740875E7,3.854303E6,2.624712E6,3.890845E5,7.4369E5,4.535775E5,3.65358E5,0E0,0E0,0E0,0E0,0E0,0E0,0E0,0E0],"parents":[2147483647,0,0,1,1,2,2,3,3,4,4,5,5,6,6],"right_children":[2,4,6,8,10,12,14,-1,-1,-1,-1,-1,-1,-1,-1],"split_conditions":[6.1E0,1.8E0,1.621E1,9.4E-1,3.04E0,9E0,9E0,-1.0116127E0,-6.2033063E-1,-1.0293163E-1,5.3115624E-1,7.704602E-1,1.7594635E0,2.4635289E0,3.750828E0],"split_indices":[0,0,0,0,0,3,3,0,0,0,0,0,0,0,0],"split_type":[0,0,0,0,0,0,0,0,0,0,0,0,0,0,0],"sum_hessian":[5.98923E5,5.05181E5,9.3742E4,2.90971E5,2.1421E5,6.4016E4,2.9726E4,1.19961E5,1.7101E5,1.29E5,8.521E4,1.7832E4,4.6184E4,8.611E3,2.1115E4],"tree_param":{"num_deleted":"0","num_feature":"8","num_nodes":"15","size_leaf_vector":"1"}},{"base_weights":[2.8201185E-2,-1.7108587E0,1.1646177E1,-3.333045E0,2.1629436E0,8.643231E0,1.7925272E1,-7.305838E-1,-2.6976165E-1,3.4354165E-2,5.568064E-1,7.4532634E-1,1.7208793E0,2.3683343E0,3.4385366E0],"categories":[],"categories_nodes":[],"categories_segments":[],"categories_sizes":[],"default_left":[0,0,0,0,0,0,0,0,0,0,0,0,0,0,0],"id":4,"left_children":[1,3,5,7,9,11,13,-1,-1,-1,-1,-1,-1,-1,-1],"loss_changes":[1.2099985E7,3.2733945E6,1.470242E6,6.6259475E5,3.5499544E5,3.712735E5,2.54213E5,0E0,0E0,0E0,0E0,0E0,0E0,0E0,0E0],"parents":[2147483647,0,0,1,1,2,2,3,3,4,4,5,5,6,6],"right_children":[2,4,6,8,10,12,14,-1,-1,-1,-1,-1,-1,-1,-1],"split_conditions":[7.68E0,2.39E0,1.715E1,1.43E0,1.1E1,1E1,1.4E1,-7.305838E-1,-2.6976165E-1,3.4354165E-2,5.568064E-1,7.4532634E-1,1.7208793E0,2.3683343E0,3.4385366E0],"split_indices":[0,0,0,0,3,3,3,0,0,0,0,0,0,0,0],"split_type":[0,0,0,0,0,0,0,0,0,0,0,0,0,0,0],"sum_hessian":[5.9888E5,5.20907E5,7.7973E4,3.67157E5,1.5375E5,5.2747E4,2.5226E4,2.27386E5,1.39771E5,5.784E4,9.591E4,1.5207E4,3.754E4,1.0675E4,1.4551E4],"tree_param":{"num_deleted":"0","num_feature":"8","num_nodes":"15","size_leaf_vector":"1"}},{"base_weights":[-2.5457526E-3,-1.353226E0,1.0414518E1,-2.6767924E0,2.0402992E0,7.9576755E0,1.5285232E1,-6.051252E-1,-1.9833866E-1,5.38486E-2,5.1408166E-1,8.671684E-1,1.6058134E0,2.288095E0,3.5783706E0],"categories":[],"categories_nodes":[],"categories_segments":[],"categories_sizes":[],"default_left":[0,0,0,0,0,0,0,0,0,0,0,0,0,0,0],"id":5,"left_children":[1,3,5,7,9,11,13,-1,-1,-1,-1,-1,-1,-1,-1],"loss_changes":[8.423697E6,2.3804215E6,8.22308E5,5.417885E5,2.6711062E5,2.115485E5,2.21073E5,0E0,0E0,0E0,0E0,0E0,0E0,0E0,0E0],"parents":[2147483647,0,0,1,1,2,2,3,3,4,4,5,5,6,6],"right_children":[2,4,6,8,10,12,14,-1,-1,-1,-1,-1,-1,-1,-1],"split_conditions":[8.71E0,2.52E0,1.744E1,1.46E0,1.1E1,1.3E1,2.113E1,-6.051252E-1,-1.9833866E-1,5.38486E-2,5.1408166E-1,8.671684E-1,1.6058134E0,2.288095E0,3.5783706E0],"split_indices":[0,0,0,0,3,3,0,0,0,0,0,0,0,0,0],"split_type":[0,0,0,0,0,0,0,0,0,0,0,0,0,0,0],"sum_hessian":[5.98694E5,5.29977E5,6.8717E4,3.81271E5,1.48706E5,4.5677E4,2.304E4,2.31986E5,1.49285E5,5.6301E4,9.2405E4,1.7338E4,2.8339E4,1.8436E4,4.604E3],"tree_param":{"num_deleted":"0","num_feature":"8","num_nodes":"15","size_leaf_vector":"1"}},{"base_weights":[7.936949E-3,-1.7566112E0,5.814594E0,-2.982194E0,-3.1405035E-1,3.3213854E0,1.0548563E1,-4.1832638E-1,-7.2685546E-1,-3.1110275E-1,7.661166E-2,2.4397305E-1,7.398386E-1,1.6204224E0,3.052816E0],"categories":[],"categories_nodes":[],"categories_segments":[],"categories_sizes":[],"default_left":[0,0,0,0,0,0,0,0,0,0,0,0,0,0,0],"id":6,"left_children":[1,3,5,7,9,11,13,-1,-1,-1,-1,-1,-1,-1,-1],"loss_changes":[6.136938E6,8.121381E5,1.647573E6,1.61505E5,2.5375503E5,1.9021106E5,3.071645E5,0E0,0E0,0E0,0E0,0E0,0E0,0E0,0E0],"parents":[2147483647,0,0,1,1,2,2,3,3,4,4,5,5,6,6],"right_children":[2,4,6,8,10,12,14,-1,-1,-1,-1,-1,-1,-1,-1],